{
  "project_info": {
    "project_number": "106305261266",
    "firebase_url": "https://food-boxs.firebaseio.com",
    "project_id": "food-boxs",
    "storage_bucket": "food-boxs.appspot.com"
  },
  "client": [
    {
      "client_info": {
        "mobilesdk_app_id": "1:106305261266:android:9dc1b496ecf26b97",
        "android_client_info": {
          "package_name": "com.FoodBoxs.android"
        }
      },
      "oauth_client": [
        {
          "client_id": "106305261266-fijlherfdla4frddigtecbp9k26vcrt5.apps.googleusercontent.com",
          "client_type": 3
        }
      ],
      "api_key": [
        {
          "current_key": "AIzaSyC7f9hFNcbYSrunCcIEFet1HATY_tRcjpo"
        }
      ],
      "services": {
        "analytics_service": {
          "status": 1
        },
        "appinvite_service": {
          "status": 1,
          "other_platform_oauth_client": []
        },
        "ads_service": {
          "status": 2
        }
      }
    }
  ],
  "configuration_version": "1"
}